{
  "__version__": "1.0.3",
  "builder": {
    "taskOptionsMap": {},
    "__version__": "1.3.9"
  },
  "gizmos-infos": {
    "is2D": false,
    "is3DIcon": false,
    "iconSize": 2,
    "gridVisible": true,
    "originAxis2D": {
      "x_visible": true,
      "y_visible": true,
      "z_visible": false
    },
    "originAxis3D": {
      "x_visible": true,
      "y_visible": false,
      "z_visible": true
    },
    "gridColor": [
      166,
      166,
      166,
      255
    ],
    "transformToolName": "position",
    "pivot": "pivot",
    "coordinate": "local",
    "toolsVisibility3d": true
  },
  "snap-configs": {
    "position": {
      "x": 1,
      "y": 1,
      "z": 1
    },
    "rotation": 1,
    "scale": 1,
    "isPositionSnapEnabled": false,
    "isRotationSnapEnabled": false,
    "isScaleSnapEnabled": false
  },
  "rect-snap-configs": {
    "enableSnapping": true,
    "snapThreshold": 4
  },
  "float-window": {
    "position": {
      "cc": {
        "Camera": {
          "dock": false,
          "top": null,
          "bottom": 10,
          "left": null,
          "right": 10
        }
      }
    }
  },
  "camera-infos": {
    "527e8ab3-e006-4a37-9e82-aaf065941f15": {
      "position": {
        "x": 46.555721201728744,
        "y": 32.15989978469059,
        "z": 24.953638507475862
      },
      "rotation": {
        "x": -0.3277170808420432,
        "y": 0.3769796549555748,
        "z": 0.1446386124962117,
        "w": 0.8541472507518135
      },
      "viewCenter": {
        "x": 13.58725215355404,
        "y": -7.9941379283404075,
        "z": -5.120409715595766
      },
      "contentRect": {
        "x": 0,
        "y": 0,
        "width": 531,
        "height": 414
      },
      "scale": 1
    },
    "5207a7da-5ade-4241-9ba7-8052fc026fad": {
      "position": {
        "x": 22.211731741212663,
        "y": 22.21173174121266,
        "z": 22.211731741212656
      },
      "rotation": {
        "x": -0.27984814233312133,
        "y": 0.3647051996310009,
        "z": 0.11591689595929512,
        "w": 0.8804762392171493
      },
      "viewCenter": {
        "x": 0,
        "y": 0,
        "z": 0
      },
      "contentRect": {
        "x": 0,
        "y": 0,
        "width": 958,
        "height": 646
      },
      "scale": 1
    }
  },
  "camera-uuids": [
    "527e8ab3-e006-4a37-9e82-aaf065941f15",
    "5207a7da-5ade-4241-9ba7-8052fc026fad"
  ],
  "camera": {
    "color": [
      48,
      48,
      48,
      255
    ],
    "fov": 45,
    "far": 10000,
    "near": 0.01,
    "wheelSpeed": 0.01,
    "wanderSpeed": 10,
    "enableAcceleration": true,
    "size": "__default_design__",
    "far2D": 10000,
    "near2D": 1,
    "wheelSpeed2D": 6,
    "iso": 0,
    "aperture": 19,
    "shutter": 7
  }
}
